"pr_id,","pr_author,","pr_title,","pr_date,","pr_desc"
31350,"Jasmyn Ritchie PhD","PR-31350: Did stuff to something","2015-04-04 14:28:37","This PR did some stuff and added integration tests to make sure it works properly"
82860,"Florida Grimes","PR-82860: Did stuff to something","2015-04-06 05:39:41","This PR did some stuff and added integration tests to make sure it works properly"
88084,"Valeria Gusikowski DDS","PR-88084: Did stuff to something","2015-04-06 09:23:21","This PR did some stuff and added integration tests to make sure it works properly"
80452,"Jasmyn Ritchie PhD","PR-80452: Did stuff to something","2015-04-09 23:27:22","This PR did some stuff and added integration tests to make sure it works properly"
9421,"Judge Barton","PR-9421: Did stuff to something","2015-04-09 18:45:19","This PR did some stuff and added integration tests to make sure it works properly"
57141,"Mara Murazik","PR-57141: Did stuff to something","2015-04-06 00:38:08","This PR did some stuff and added integration tests to make sure it works properly"
66063,"Mrs. Mikaila Abshire MD","PR-66063: Did stuff to something","2015-04-08 15:01:38","This PR did some stuff and added integration tests to make sure it works properly"
46442,"Verda Paucek MD","PR-46442: Did stuff to something","2015-04-09 23:11:10","This PR did some stuff and added integration tests to make sure it works properly"
71071,"Ken Kunze","PR-71071: Did stuff to something","2015-04-06 12:15:15","This PR did some stuff and added integration tests to make sure it works properly"
54533,"Jacki Grady","PR-54533: Did stuff to something","2015-04-08 22:28:45","This PR did some stuff and added integration tests to make sure it works properly"
73737,"Judge Barton","PR-73737: Did stuff to something","2015-04-03 13:44:40","This PR did some stuff and added integration tests to make sure it works properly"
44155,"Florida Grimes","PR-44155: Did stuff to something","2015-04-09 06:08:15","This PR did some stuff and added integration tests to make sure it works properly"
93261,"Mrs. Debora Casper MD","PR-93261: Did stuff to something","2015-04-04 05:23:19","This PR did some stuff and added integration tests to make sure it works properly"
1500,"Judge Barton","PR-1500: Did stuff to something","2015-04-02 05:03:44","This PR did some stuff and added integration tests to make sure it works properly"
4947,"Valeria Gusikowski DDS","PR-4947: Did stuff to something","2015-04-07 12:27:45","This PR did some stuff and added integration tests to make sure it works properly"
47607,"Ken Kunze","PR-47607: Did stuff to something","2015-04-11 14:22:05","This PR did some stuff and added integration tests to make sure it works properly"
190,"Mara Murazik","PR-190: Did stuff to something","2015-04-03 17:34:55","This PR did some stuff and added integration tests to make sure it works properly"
46285,"Dr. Albert Parisian PhD","PR-46285: Did stuff to something","2015-04-08 00:48:02","This PR did some stuff and added integration tests to make sure it works properly"
17101,"Mara Murazik","PR-17101: Did stuff to something","2015-04-07 07:50:04","This PR did some stuff and added integration tests to make sure it works properly"
4975,"Mara Murazik","PR-4975: Did stuff to something","2015-04-11 10:08:53","This PR did some stuff and added integration tests to make sure it works properly"
46898,"Mrs. Mikaila Abshire MD","PR-46898: Did stuff to something","2015-04-05 09:37:16","This PR did some stuff and added integration tests to make sure it works properly"
87179,"Valeria Gusikowski DDS","PR-87179: Did stuff to something","2015-04-04 01:31:56","This PR did some stuff and added integration tests to make sure it works properly"
72277,"Ken Kunze","PR-72277: Did stuff to something","2015-04-02 09:56:02","This PR did some stuff and added integration tests to make sure it works properly"
7627,"Megan Bartell","PR-7627: Did stuff to something","2015-04-02 21:28:42","This PR did some stuff and added integration tests to make sure it works properly"
46283,"Mrs. Mikaila Abshire MD","PR-46283: Did stuff to something","2015-04-08 02:45:17","This PR did some stuff and added integration tests to make sure it works properly"
98845,"Ken Kunze","PR-98845: Did stuff to something","2015-04-09 07:04:33","This PR did some stuff and added integration tests to make sure it works properly"
11775,"Dr. Albert Parisian PhD","PR-11775: Did stuff to something","2015-04-02 17:57:01","This PR did some stuff and added integration tests to make sure it works properly"
67959,"Della Keeling","PR-67959: Did stuff to something","2015-04-05 14:29:18","This PR did some stuff and added integration tests to make sure it works properly"
90644,"Mara Murazik","PR-90644: Did stuff to something","2015-04-04 11:12:09","This PR did some stuff and added integration tests to make sure it works properly"
74000,"Judge Barton","PR-74000: Did stuff to something","2015-04-10 22:51:09","This PR did some stuff and added integration tests to make sure it works properly"
46265,"Verda Paucek MD","PR-46265: Did stuff to something","2015-04-07 07:13:24","This PR did some stuff and added integration tests to make sure it works properly"
75423,"Dr. Albert Parisian PhD","PR-75423: Did stuff to something","2015-04-02 11:51:57","This PR did some stuff and added integration tests to make sure it works properly"
53640,"Verda Paucek MD","PR-53640: Did stuff to something","2015-04-11 20:43:22","This PR did some stuff and added integration tests to make sure it works properly"
47785,"Ken Kunze","PR-47785: Did stuff to something","2015-04-10 16:53:40","This PR did some stuff and added integration tests to make sure it works properly"
83141,"Megan Bartell","PR-83141: Did stuff to something","2015-04-02 23:46:01","This PR did some stuff and added integration tests to make sure it works properly"
6804,"Mrs. Mikaila Abshire MD","PR-6804: Did stuff to something","2015-04-11 21:12:14","This PR did some stuff and added integration tests to make sure it works properly"
43881,"Verda Paucek MD","PR-43881: Did stuff to something","2015-04-04 09:22:50","This PR did some stuff and added integration tests to make sure it works properly"
4104,"Judge Barton","PR-4104: Did stuff to something","2015-04-04 14:44:37","This PR did some stuff and added integration tests to make sure it works properly"
80309,"Della Keeling","PR-80309: Did stuff to something","2015-04-08 19:29:21","This PR did some stuff and added integration tests to make sure it works properly"
2108,"Mrs. Mikaila Abshire MD","PR-2108: Did stuff to something","2015-04-07 01:54:00","This PR did some stuff and added integration tests to make sure it works properly"
58629,"Mrs. Mikaila Abshire MD","PR-58629: Did stuff to something","2015-04-05 04:25:04","This PR did some stuff and added integration tests to make sure it works properly"
83095,"Ken Kunze","PR-83095: Did stuff to something","2015-04-02 16:31:41","This PR did some stuff and added integration tests to make sure it works properly"
85349,"Jasmyn Ritchie PhD","PR-85349: Did stuff to something","2015-04-07 11:30:48","This PR did some stuff and added integration tests to make sure it works properly"
75025,"Verda Paucek MD","PR-75025: Did stuff to something","2015-04-02 17:13:39","This PR did some stuff and added integration tests to make sure it works properly"
60004,"Verda Paucek MD","PR-60004: Did stuff to something","2015-04-05 20:41:27","This PR did some stuff and added integration tests to make sure it works properly"
78044,"Judge Barton","PR-78044: Did stuff to something","2015-04-08 01:54:02","This PR did some stuff and added integration tests to make sure it works properly"
53953,"Ferris Okuneva","PR-53953: Did stuff to something","2015-04-10 01:54:11","This PR did some stuff and added integration tests to make sure it works properly"
16175,"Katharyn DuBuque DDS","PR-16175: Did stuff to something","2015-04-06 19:51:27","This PR did some stuff and added integration tests to make sure it works properly"
19506,"Judge Barton","PR-19506: Did stuff to something","2015-04-06 17:16:51","This PR did some stuff and added integration tests to make sure it works properly"
14417,"Florida Grimes","PR-14417: Did stuff to something","2015-04-07 04:43:43","This PR did some stuff and added integration tests to make sure it works properly"
86933,"Judge Barton","PR-86933: Did stuff to something","2015-04-07 08:11:02","This PR did some stuff and added integration tests to make sure it works properly"
16264,"Dr. Albert Parisian PhD","PR-16264: Did stuff to something","2015-04-03 19:38:47","This PR did some stuff and added integration tests to make sure it works properly"
44449,"Mrs. Mikaila Abshire MD","PR-44449: Did stuff to something","2015-04-06 22:32:23","This PR did some stuff and added integration tests to make sure it works properly"
95047,"Della Keeling","PR-95047: Did stuff to something","2015-04-05 16:54:08","This PR did some stuff and added integration tests to make sure it works properly"
12281,"Jasmyn Ritchie PhD","PR-12281: Did stuff to something","2015-04-12 01:39:23","This PR did some stuff and added integration tests to make sure it works properly"
93735,"Ken Kunze","PR-93735: Did stuff to something","2015-04-08 15:20:12","This PR did some stuff and added integration tests to make sure it works properly"
20600,"Katharyn DuBuque DDS","PR-20600: Did stuff to something","2015-04-09 12:12:56","This PR did some stuff and added integration tests to make sure it works properly"
76952,"Della Keeling","PR-76952: Did stuff to something","2015-04-04 12:32:30","This PR did some stuff and added integration tests to make sure it works properly"
52033,"Megan Bartell","PR-52033: Did stuff to something","2015-04-06 14:40:49","This PR did some stuff and added integration tests to make sure it works properly"
44796,"Florida Grimes","PR-44796: Did stuff to something","2015-04-08 09:35:16","This PR did some stuff and added integration tests to make sure it works properly"
93317,"Florida Grimes","PR-93317: Did stuff to something","2015-04-06 04:52:06","This PR did some stuff and added integration tests to make sure it works properly"
96068,"Ken Kunze","PR-96068: Did stuff to something","2015-04-08 00:40:50","This PR did some stuff and added integration tests to make sure it works properly"
74059,"Verda Paucek MD","PR-74059: Did stuff to something","2015-04-05 00:16:24","This PR did some stuff and added integration tests to make sure it works properly"
74857,"Megan Bartell","PR-74857: Did stuff to something","2015-04-10 17:58:59","This PR did some stuff and added integration tests to make sure it works properly"
78617,"Katharyn DuBuque DDS","PR-78617: Did stuff to something","2015-04-08 14:38:14","This PR did some stuff and added integration tests to make sure it works properly"
2904,"Katharyn DuBuque DDS","PR-2904: Did stuff to something","2015-04-10 10:12:38","This PR did some stuff and added integration tests to make sure it works properly"
65800,"Valeria Gusikowski DDS","PR-65800: Did stuff to something","2015-04-10 23:14:31","This PR did some stuff and added integration tests to make sure it works properly"
60998,"Mara Murazik","PR-60998: Did stuff to something","2015-04-04 00:57:17","This PR did some stuff and added integration tests to make sure it works properly"
47989,"Mrs. Debora Casper MD","PR-47989: Did stuff to something","2015-04-10 15:38:29","This PR did some stuff and added integration tests to make sure it works properly"
55831,"Jacki Grady","PR-55831: Did stuff to something","2015-04-10 06:36:52","This PR did some stuff and added integration tests to make sure it works properly"
29383,"Della Keeling","PR-29383: Did stuff to something","2015-04-04 07:54:06","This PR did some stuff and added integration tests to make sure it works properly"
1229,"Valeria Gusikowski DDS","PR-1229: Did stuff to something","2015-04-05 15:25:35","This PR did some stuff and added integration tests to make sure it works properly"
30343,"Mara Murazik","PR-30343: Did stuff to something","2015-04-04 08:49:14","This PR did some stuff and added integration tests to make sure it works properly"
1162,"Valeria Gusikowski DDS","PR-1162: Did stuff to something","2015-04-06 19:55:29","This PR did some stuff and added integration tests to make sure it works properly"
88262,"Jasmyn Ritchie PhD","PR-88262: Did stuff to something","2015-04-10 14:02:19","This PR did some stuff and added integration tests to make sure it works properly"
12289,"Mrs. Mikaila Abshire MD","PR-12289: Did stuff to something","2015-04-09 15:01:37","This PR did some stuff and added integration tests to make sure it works properly"
71890,"Jacki Grady","PR-71890: Did stuff to something","2015-04-04 11:45:26","This PR did some stuff and added integration tests to make sure it works properly"
35334,"Dr. Albert Parisian PhD","PR-35334: Did stuff to something","2015-04-04 06:54:17","This PR did some stuff and added integration tests to make sure it works properly"
30680,"Ken Kunze","PR-30680: Did stuff to something","2015-04-09 01:11:26","This PR did some stuff and added integration tests to make sure it works properly"
75502,"Jacki Grady","PR-75502: Did stuff to something","2015-04-09 23:41:53","This PR did some stuff and added integration tests to make sure it works properly"
96629,"Mrs. Mikaila Abshire MD","PR-96629: Did stuff to something","2015-04-09 17:57:13","This PR did some stuff and added integration tests to make sure it works properly"
87906,"Megan Bartell","PR-87906: Did stuff to something","2015-04-10 06:03:58","This PR did some stuff and added integration tests to make sure it works properly"
29683,"Dr. Albert Parisian PhD","PR-29683: Did stuff to something","2015-04-09 17:59:57","This PR did some stuff and added integration tests to make sure it works properly"
5144,"Jasmyn Ritchie PhD","PR-5144: Did stuff to something","2015-04-09 13:15:00","This PR did some stuff and added integration tests to make sure it works properly"
46256,"Judge Barton","PR-46256: Did stuff to something","2015-04-05 06:46:35","This PR did some stuff and added integration tests to make sure it works properly"
11253,"Ferris Okuneva","PR-11253: Did stuff to something","2015-04-08 02:24:44","This PR did some stuff and added integration tests to make sure it works properly"
11540,"Mara Murazik","PR-11540: Did stuff to something","2015-04-08 02:14:22","This PR did some stuff and added integration tests to make sure it works properly"
23235,"Mrs. Debora Casper MD","PR-23235: Did stuff to something","2015-04-08 19:48:46","This PR did some stuff and added integration tests to make sure it works properly"
64537,"Jasmyn Ritchie PhD","PR-64537: Did stuff to something","2015-04-07 15:51:00","This PR did some stuff and added integration tests to make sure it works properly"
10938,"Megan Bartell","PR-10938: Did stuff to something","2015-04-02 07:21:40","This PR did some stuff and added integration tests to make sure it works properly"
33033,"Valeria Gusikowski DDS","PR-33033: Did stuff to something","2015-04-03 17:26:23","This PR did some stuff and added integration tests to make sure it works properly"
69856,"Ferris Okuneva","PR-69856: Did stuff to something","2015-04-03 06:25:14","This PR did some stuff and added integration tests to make sure it works properly"
4023,"Jasmyn Ritchie PhD","PR-4023: Did stuff to something","2015-04-09 05:13:54","This PR did some stuff and added integration tests to make sure it works properly"
79083,"Valeria Gusikowski DDS","PR-79083: Did stuff to something","2015-04-05 23:22:54","This PR did some stuff and added integration tests to make sure it works properly"
72456,"Valeria Gusikowski DDS","PR-72456: Did stuff to something","2015-04-08 07:32:14","This PR did some stuff and added integration tests to make sure it works properly"
71090,"Mrs. Debora Casper MD","PR-71090: Did stuff to something","2015-04-08 15:14:23","This PR did some stuff and added integration tests to make sure it works properly"
77428,"Della Keeling","PR-77428: Did stuff to something","2015-04-02 04:07:10","This PR did some stuff and added integration tests to make sure it works properly"
41649,"Florida Grimes","PR-41649: Did stuff to something","2015-04-05 20:00:19","This PR did some stuff and added integration tests to make sure it works properly"
7818,"Ferris Okuneva","PR-7818: Did stuff to something","2015-04-11 14:09:55","This PR did some stuff and added integration tests to make sure it works properly"
4810,"Megan Bartell","PR-4810: Did stuff to something","2015-04-04 17:39:46","This PR did some stuff and added integration tests to make sure it works properly"
