pr_id,pr_author,pr_title,pr_date,pr_desc
63004,"Art Conn","PR-63004: Did stuff to something","2015-04-13 07:05:39","This PR did some stuff and added integration tests to make sure it works properly"
4833,"Kaylene Kling","PR-4833: Did stuff to something","2015-04-08 19:36:48","This PR did some stuff and added integration tests to make sure it works properly"
90266,"Amani Waelchi","PR-90266: Did stuff to something","2015-04-08 11:03:25","This PR did some stuff and added integration tests to make sure it works properly"
74676,"Madilyn Cronin","PR-74676: Did stuff to something","2015-04-11 07:00:57","This PR did some stuff and added integration tests to make sure it works properly"
96706,"Madilyn Cronin","PR-96706: Did stuff to something","2015-04-08 01:50:38","This PR did some stuff and added integration tests to make sure it works properly"
83661,"Hassan Conroy","PR-83661: Did stuff to something","2015-04-05 10:29:29","This PR did some stuff and added integration tests to make sure it works properly"
32225,"Gauge Tremblay","PR-32225: Did stuff to something","2015-04-09 17:54:52","This PR did some stuff and added integration tests to make sure it works properly"
28140,"Gauge Tremblay","PR-28140: Did stuff to something","2015-04-13 03:42:08","This PR did some stuff and added integration tests to make sure it works properly"
42888,"Jaheim Torphy","PR-42888: Did stuff to something","2015-04-05 11:54:46","This PR did some stuff and added integration tests to make sure it works properly"
88156,"Alba Johns","PR-88156: Did stuff to something","2015-04-04 18:49:48","This PR did some stuff and added integration tests to make sure it works properly"
93828,"Art Conn","PR-93828: Did stuff to something","2015-04-13 05:10:16","This PR did some stuff and added integration tests to make sure it works properly"
32551,"Madilyn Cronin","PR-32551: Did stuff to something","2015-04-06 01:30:57","This PR did some stuff and added integration tests to make sure it works properly"
11500,"Art Conn","PR-11500: Did stuff to something","2015-04-05 05:19:35","This PR did some stuff and added integration tests to make sure it works properly"
56133,"Alba Johns","PR-56133: Did stuff to something","2015-04-13 00:25:18","This PR did some stuff and added integration tests to make sure it works properly"
95284,"Frida Botsford","PR-95284: Did stuff to something","2015-04-12 17:51:51","This PR did some stuff and added integration tests to make sure it works properly"
56195,"Alonza Gibson","PR-56195: Did stuff to something","2015-04-13 11:40:00","This PR did some stuff and added integration tests to make sure it works properly"
35298,"Zhane Von","PR-35298: Did stuff to something","2015-04-06 09:31:45","This PR did some stuff and added integration tests to make sure it works properly"
39637,"Jaheim Torphy","PR-39637: Did stuff to something","2015-04-10 13:46:45","This PR did some stuff and added integration tests to make sure it works properly"
54676,"Haylee Bauch","PR-54676: Did stuff to something","2015-04-11 00:36:35","This PR did some stuff and added integration tests to make sure it works properly"
28942,"Hassan Conroy","PR-28942: Did stuff to something","2015-04-07 06:18:12","This PR did some stuff and added integration tests to make sure it works properly"
89265,"Alba Johns","PR-89265: Did stuff to something","2015-04-11 13:57:08","This PR did some stuff and added integration tests to make sure it works properly"
91825,"Jaheim Torphy","PR-91825: Did stuff to something","2015-04-12 21:56:46","This PR did some stuff and added integration tests to make sure it works properly"
24032,"Dr. Elinor Vandervort DDS","PR-24032: Did stuff to something","2015-04-08 15:23:37","This PR did some stuff and added integration tests to make sure it works properly"
86817,"Alba Johns","PR-86817: Did stuff to something","2015-04-13 12:47:02","This PR did some stuff and added integration tests to make sure it works properly"
59592,"Art Conn","PR-59592: Did stuff to something","2015-04-11 04:40:58","This PR did some stuff and added integration tests to make sure it works properly"
36283,"Jaheim Torphy","PR-36283: Did stuff to something","2015-04-05 03:52:54","This PR did some stuff and added integration tests to make sure it works properly"
72530,"Art Conn","PR-72530: Did stuff to something","2015-04-08 16:30:30","This PR did some stuff and added integration tests to make sure it works properly"
88043,"Art Conn","PR-88043: Did stuff to something","2015-04-05 11:16:48","This PR did some stuff and added integration tests to make sure it works properly"
7557,"Dr. Elinor Vandervort DDS","PR-7557: Did stuff to something","2015-04-06 03:16:29","This PR did some stuff and added integration tests to make sure it works properly"
93324,"Dr. Elinor Vandervort DDS","PR-93324: Did stuff to something","2015-04-06 21:06:22","This PR did some stuff and added integration tests to make sure it works properly"
46770,"Alba Johns","PR-46770: Did stuff to something","2015-04-09 13:45:03","This PR did some stuff and added integration tests to make sure it works properly"
14544,"Frida Botsford","PR-14544: Did stuff to something","2015-04-05 16:37:48","This PR did some stuff and added integration tests to make sure it works properly"
73093,"Dr. Elinor Vandervort DDS","PR-73093: Did stuff to something","2015-04-08 22:46:19","This PR did some stuff and added integration tests to make sure it works properly"
76599,"Dr. Elinor Vandervort DDS","PR-76599: Did stuff to something","2015-04-05 11:40:08","This PR did some stuff and added integration tests to make sure it works properly"
6784,"Art Conn","PR-6784: Did stuff to something","2015-04-13 05:33:56","This PR did some stuff and added integration tests to make sure it works properly"
50238,"Jaheim Torphy","PR-50238: Did stuff to something","2015-04-12 10:58:15","This PR did some stuff and added integration tests to make sure it works properly"
2528,"Jaheim Torphy","PR-2528: Did stuff to something","2015-04-11 23:26:36","This PR did some stuff and added integration tests to make sure it works properly"
4820,"Hassan Conroy","PR-4820: Did stuff to something","2015-04-06 22:37:42","This PR did some stuff and added integration tests to make sure it works properly"
29727,"Alonza Gibson","PR-29727: Did stuff to something","2015-04-12 00:43:15","This PR did some stuff and added integration tests to make sure it works properly"
4050,"Art Conn","PR-4050: Did stuff to something","2015-04-13 06:30:41","This PR did some stuff and added integration tests to make sure it works properly"
36617,"Kelsea Quitzon","PR-36617: Did stuff to something","2015-04-08 08:58:43","This PR did some stuff and added integration tests to make sure it works properly"
12180,"Haylee Bauch","PR-12180: Did stuff to something","2015-04-12 22:13:57","This PR did some stuff and added integration tests to make sure it works properly"
30919,"Amani Waelchi","PR-30919: Did stuff to something","2015-04-11 14:56:52","This PR did some stuff and added integration tests to make sure it works properly"
58034,"Frida Botsford","PR-58034: Did stuff to something","2015-04-12 02:32:41","This PR did some stuff and added integration tests to make sure it works properly"
77306,"Frida Botsford","PR-77306: Did stuff to something","2015-04-04 05:26:38","This PR did some stuff and added integration tests to make sure it works properly"
83979,"Jaheim Torphy","PR-83979: Did stuff to something","2015-04-08 05:52:14","This PR did some stuff and added integration tests to make sure it works properly"
41363,"Dr. Elinor Vandervort DDS","PR-41363: Did stuff to something","2015-04-08 21:17:10","This PR did some stuff and added integration tests to make sure it works properly"
49310,"Zhane Von","PR-49310: Did stuff to something","2015-04-10 18:46:03","This PR did some stuff and added integration tests to make sure it works properly"
97354,"Alonza Gibson","PR-97354: Did stuff to something","2015-04-04 02:02:13","This PR did some stuff and added integration tests to make sure it works properly"
49743,"Madilyn Cronin","PR-49743: Did stuff to something","2015-04-08 04:34:23","This PR did some stuff and added integration tests to make sure it works properly"
20526,"Kelsea Quitzon","PR-20526: Did stuff to something","2015-04-10 00:20:37","This PR did some stuff and added integration tests to make sure it works properly"
69423,"Gauge Tremblay","PR-69423: Did stuff to something","2015-04-11 11:31:49","This PR did some stuff and added integration tests to make sure it works properly"
50159,"Madilyn Cronin","PR-50159: Did stuff to something","2015-04-12 05:34:54","This PR did some stuff and added integration tests to make sure it works properly"
59004,"Art Conn","PR-59004: Did stuff to something","2015-04-09 04:46:41","This PR did some stuff and added integration tests to make sure it works properly"
61884,"Kaylene Kling","PR-61884: Did stuff to something","2015-04-08 09:52:57","This PR did some stuff and added integration tests to make sure it works properly"
90962,"Kaylene Kling","PR-90962: Did stuff to something","2015-04-09 12:50:56","This PR did some stuff and added integration tests to make sure it works properly"
28410,"Zhane Von","PR-28410: Did stuff to something","2015-04-13 00:49:47","This PR did some stuff and added integration tests to make sure it works properly"
16687,"Art Conn","PR-16687: Did stuff to something","2015-04-05 22:02:33","This PR did some stuff and added integration tests to make sure it works properly"
72852,"Haylee Bauch","PR-72852: Did stuff to something","2015-04-08 05:17:52","This PR did some stuff and added integration tests to make sure it works properly"
42755,"Adison O'Hara","PR-42755: Did stuff to something","2015-04-13 17:16:45","This PR did some stuff and added integration tests to make sure it works properly"
76726,"Gauge Tremblay","PR-76726: Did stuff to something","2015-04-12 21:31:44","This PR did some stuff and added integration tests to make sure it works properly"
201,"Zhane Von","PR-201: Did stuff to something","2015-04-10 00:57:36","This PR did some stuff and added integration tests to make sure it works properly"
59503,"Haylee Bauch","PR-59503: Did stuff to something","2015-04-13 05:52:34","This PR did some stuff and added integration tests to make sure it works properly"
31875,"Amani Waelchi","PR-31875: Did stuff to something","2015-04-11 01:31:57","This PR did some stuff and added integration tests to make sure it works properly"
25188,"Hassan Conroy","PR-25188: Did stuff to something","2015-04-07 15:55:10","This PR did some stuff and added integration tests to make sure it works properly"
41831,"Zhane Von","PR-41831: Did stuff to something","2015-04-06 10:12:01","This PR did some stuff and added integration tests to make sure it works properly"
70043,"Gauge Tremblay","PR-70043: Did stuff to something","2015-04-09 21:07:11","This PR did some stuff and added integration tests to make sure it works properly"
13853,"Zhane Von","PR-13853: Did stuff to something","2015-04-06 02:51:40","This PR did some stuff and added integration tests to make sure it works properly"
1361,"Zhane Von","PR-1361: Did stuff to something","2015-04-05 05:30:48","This PR did some stuff and added integration tests to make sure it works properly"
28560,"Kaylene Kling","PR-28560: Did stuff to something","2015-04-12 12:37:09","This PR did some stuff and added integration tests to make sure it works properly"
90127,"Jaheim Torphy","PR-90127: Did stuff to something","2015-04-12 08:45:35","This PR did some stuff and added integration tests to make sure it works properly"
9700,"Dr. Elinor Vandervort DDS","PR-9700: Did stuff to something","2015-04-09 03:49:17","This PR did some stuff and added integration tests to make sure it works properly"
15114,"Haylee Bauch","PR-15114: Did stuff to something","2015-04-11 11:52:45","This PR did some stuff and added integration tests to make sure it works properly"
5850,"Madilyn Cronin","PR-5850: Did stuff to something","2015-04-12 16:22:53","This PR did some stuff and added integration tests to make sure it works properly"
36637,"Gauge Tremblay","PR-36637: Did stuff to something","2015-04-08 09:20:21","This PR did some stuff and added integration tests to make sure it works properly"
67263,"Madilyn Cronin","PR-67263: Did stuff to something","2015-04-04 22:32:17","This PR did some stuff and added integration tests to make sure it works properly"
8976,"Kelsea Quitzon","PR-8976: Did stuff to something","2015-04-09 04:46:39","This PR did some stuff and added integration tests to make sure it works properly"
29113,"Alonza Gibson","PR-29113: Did stuff to something","2015-04-11 05:54:00","This PR did some stuff and added integration tests to make sure it works properly"
9910,"Jaheim Torphy","PR-9910: Did stuff to something","2015-04-04 11:19:32","This PR did some stuff and added integration tests to make sure it works properly"
52008,"Adison O'Hara","PR-52008: Did stuff to something","2015-04-07 03:05:31","This PR did some stuff and added integration tests to make sure it works properly"
4552,"Adison O'Hara","PR-4552: Did stuff to something","2015-04-12 23:59:05","This PR did some stuff and added integration tests to make sure it works properly"
37787,"Kaylene Kling","PR-37787: Did stuff to something","2015-04-06 22:00:24","This PR did some stuff and added integration tests to make sure it works properly"
12272,"Jaheim Torphy","PR-12272: Did stuff to something","2015-04-12 03:05:30","This PR did some stuff and added integration tests to make sure it works properly"
26890,"Zhane Von","PR-26890: Did stuff to something","2015-04-04 05:20:19","This PR did some stuff and added integration tests to make sure it works properly"
75992,"Kaylene Kling","PR-75992: Did stuff to something","2015-04-10 01:13:27","This PR did some stuff and added integration tests to make sure it works properly"
24534,"Gauge Tremblay","PR-24534: Did stuff to something","2015-04-13 18:21:19","This PR did some stuff and added integration tests to make sure it works properly"
18576,"Gauge Tremblay","PR-18576: Did stuff to something","2015-04-13 02:54:58","This PR did some stuff and added integration tests to make sure it works properly"
12399,"Adison O'Hara","PR-12399: Did stuff to something","2015-04-10 02:20:42","This PR did some stuff and added integration tests to make sure it works properly"
99959,"Adison O'Hara","PR-99959: Did stuff to something","2015-04-11 14:40:56","This PR did some stuff and added integration tests to make sure it works properly"
44570,"Adison O'Hara","PR-44570: Did stuff to something","2015-04-08 12:07:21","This PR did some stuff and added integration tests to make sure it works properly"
76489,"Zhane Von","PR-76489: Did stuff to something","2015-04-11 00:49:06","This PR did some stuff and added integration tests to make sure it works properly"
83257,"Kelsea Quitzon","PR-83257: Did stuff to something","2015-04-07 14:41:33","This PR did some stuff and added integration tests to make sure it works properly"
27724,"Madilyn Cronin","PR-27724: Did stuff to something","2015-04-13 13:56:44","This PR did some stuff and added integration tests to make sure it works properly"
63753,"Alba Johns","PR-63753: Did stuff to something","2015-04-13 02:38:46","This PR did some stuff and added integration tests to make sure it works properly"
34194,"Kelsea Quitzon","PR-34194: Did stuff to something","2015-04-04 22:57:03","This PR did some stuff and added integration tests to make sure it works properly"
11607,"Haylee Bauch","PR-11607: Did stuff to something","2015-04-07 22:51:27","This PR did some stuff and added integration tests to make sure it works properly"
49021,"Haylee Bauch","PR-49021: Did stuff to something","2015-04-11 01:17:53","This PR did some stuff and added integration tests to make sure it works properly"
87575,"Kaylene Kling","PR-87575: Did stuff to something","2015-04-10 01:49:04","This PR did some stuff and added integration tests to make sure it works properly"
44766,"Madilyn Cronin","PR-44766: Did stuff to something","2015-04-13 21:01:52","This PR did some stuff and added integration tests to make sure it works properly"
78072,"Alba Johns","PR-78072: Did stuff to something","2015-04-10 13:58:14","This PR did some stuff and added integration tests to make sure it works properly"
