zabbix_id,zabbix_date,zabbix_desc
48901,"2015-05-20 03:35:43","Server number 62703 is down."
8372,"2015-05-05 00:06:54","Server number 12856 is down."
93887,"2015-05-21 08:22:04","Server number 93275 is down."
58567,"2015-07-01 03:23:50","Server number 2791 is down."
11527,"2015-06-04 23:01:25","Server number 32676 is down."
76842,"2015-05-07 01:54:28","Server number 44348 is down."
34736,"2015-06-29 14:35:36","Server number 78963 is down."
32086,"2015-05-31 00:41:38","Server number 22569 is down."
55764,"2015-04-23 14:04:38","Server number 24391 is down."
73036,"2015-05-25 01:20:56","Server number 14601 is down."
33743,"2015-07-07 11:11:52","Server number 79166 is down."
78318,"2015-06-01 09:43:36","Server number 66203 is down."
63308,"2015-04-21 03:25:29","Server number 20998 is down."
34990,"2015-04-08 06:22:34","Server number 80622 is down."
9741,"2015-05-29 03:31:08","Server number 72344 is down."
41119,"2015-07-05 02:52:33","Server number 72209 is down."
12588,"2015-07-04 11:24:44","Server number 56656 is down."
45611,"2015-06-06 19:00:51","Server number 29094 is down."
96095,"2015-05-30 20:25:38","Server number 24456 is down."
87313,"2015-06-09 20:19:31","Server number 94572 is down."
42820,"2015-05-18 22:34:38","Server number 9271 is down."
26470,"2015-04-13 09:12:07","Server number 59946 is down."
38227,"2015-06-27 04:14:05","Server number 57511 is down."
65277,"2015-05-14 13:53:12","Server number 96387 is down."
80579,"2015-05-10 21:12:59","Server number 87164 is down."
58692,"2015-04-26 02:09:52","Server number 81868 is down."
31760,"2015-07-04 06:17:25","Server number 29341 is down."
16408,"2015-05-29 02:27:35","Server number 10382 is down."
88224,"2015-05-03 19:34:50","Server number 99837 is down."
67187,"2015-04-07 13:48:10","Server number 36538 is down."
10986,"2015-06-13 18:57:24","Server number 2262 is down."
55931,"2015-04-19 22:06:30","Server number 9455 is down."
36010,"2015-07-06 23:25:05","Server number 32295 is down."
59493,"2015-06-25 13:13:43","Server number 78680 is down."
9473,"2015-06-23 08:57:21","Server number 71707 is down."
83017,"2015-07-06 21:37:47","Server number 11187 is down."
61551,"2015-05-12 07:12:44","Server number 60854 is down."
39714,"2015-06-20 03:34:55","Server number 55950 is down."
99567,"2015-04-14 19:12:36","Server number 83355 is down."
53328,"2015-06-11 16:46:38","Server number 57054 is down."
44063,"2015-04-12 04:03:05","Server number 61297 is down."
65174,"2015-04-26 12:37:14","Server number 59716 is down."
31479,"2015-06-28 00:19:10","Server number 69460 is down."
29603,"2015-07-08 00:35:50","Server number 9581 is down."
21045,"2015-04-10 07:42:44","Server number 64230 is down."
27078,"2015-06-07 13:16:57","Server number 36608 is down."
64469,"2015-07-10 23:40:10","Server number 43096 is down."
72414,"2015-06-04 06:45:58","Server number 94599 is down."
30186,"2015-04-15 15:38:34","Server number 81923 is down."
1738,"2015-05-28 08:54:54","Server number 32605 is down."
19787,"2015-07-05 09:42:29","Server number 9260 is down."
87731,"2015-04-08 08:31:31","Server number 16009 is down."
49233,"2015-05-12 15:41:56","Server number 15182 is down."
9728,"2015-05-28 07:28:22","Server number 76295 is down."
94965,"2015-05-03 09:28:15","Server number 56458 is down."
37608,"2015-04-23 10:48:37","Server number 96968 is down."
16898,"2015-05-18 15:31:39","Server number 59087 is down."
1122,"2015-05-03 00:44:10","Server number 41864 is down."
79867,"2015-06-02 19:17:11","Server number 2635 is down."
47961,"2015-06-26 17:29:19","Server number 3293 is down."
40633,"2015-06-01 06:19:38","Server number 11268 is down."
24457,"2015-04-15 13:05:42","Server number 15690 is down."
46913,"2015-06-18 16:37:38","Server number 59145 is down."
72606,"2015-04-06 22:34:28","Server number 1986 is down."
62659,"2015-04-06 10:22:36","Server number 20576 is down."
27319,"2015-05-30 21:41:07","Server number 36246 is down."
73417,"2015-05-01 09:36:17","Server number 22769 is down."
85948,"2015-06-10 18:52:08","Server number 23473 is down."
71731,"2015-05-30 12:51:05","Server number 85904 is down."
26468,"2015-07-01 21:20:57","Server number 3264 is down."
26959,"2015-05-03 00:23:22","Server number 71099 is down."
48784,"2015-07-02 00:10:40","Server number 78712 is down."
47718,"2015-04-12 02:14:33","Server number 42093 is down."
41252,"2015-05-19 04:36:45","Server number 35374 is down."
60843,"2015-05-10 00:45:46","Server number 72932 is down."
88384,"2015-06-22 15:15:05","Server number 5056 is down."
30907,"2015-04-22 07:22:39","Server number 26842 is down."
69797,"2015-04-15 18:44:45","Server number 31499 is down."
78606,"2015-05-15 05:40:38","Server number 26117 is down."
88810,"2015-04-06 18:07:50","Server number 77863 is down."
32335,"2015-04-17 00:13:47","Server number 29949 is down."
23531,"2015-06-04 15:20:27","Server number 73278 is down."
12808,"2015-06-19 02:36:46","Server number 10251 is down."
38190,"2015-06-26 23:31:23","Server number 30673 is down."
25607,"2015-07-08 07:30:16","Server number 75158 is down."
38871,"2015-06-23 23:56:43","Server number 92641 is down."
24308,"2015-05-21 14:12:45","Server number 52097 is down."
16150,"2015-05-30 17:22:30","Server number 79585 is down."
98415,"2015-06-19 22:51:45","Server number 13613 is down."
42867,"2015-04-26 07:51:50","Server number 40889 is down."
90992,"2015-05-15 05:39:40","Server number 81813 is down."
16426,"2015-05-13 09:37:14","Server number 3248 is down."
19533,"2015-06-25 15:17:20","Server number 56529 is down."
60625,"2015-04-23 02:14:34","Server number 10514 is down."
65521,"2015-05-23 19:16:29","Server number 56369 is down."
62980,"2015-06-07 03:14:52","Server number 79652 is down."
49199,"2015-04-15 18:38:01","Server number 13520 is down."
67101,"2015-05-20 04:46:35","Server number 29291 is down."
63350,"2015-05-14 11:24:08","Server number 71117 is down."
23874,"2015-06-03 10:50:03","Server number 9960 is down."
18701,"2015-05-09 11:05:27","Server number 6169 is down."
15593,"2015-07-05 16:25:54","Server number 84605 is down."
30468,"2015-06-02 02:54:50","Server number 10509 is down."
9270,"2015-06-09 03:28:50","Server number 84107 is down."
4621,"2015-06-17 15:31:28","Server number 72630 is down."
6318,"2015-06-17 05:57:37","Server number 68622 is down."
76731,"2015-06-11 11:20:30","Server number 55153 is down."
56409,"2015-05-10 08:37:16","Server number 4847 is down."
15112,"2015-06-05 16:57:35","Server number 85717 is down."
74565,"2015-06-08 03:16:38","Server number 15091 is down."
40739,"2015-04-17 15:52:51","Server number 92455 is down."
15475,"2015-05-14 22:51:49","Server number 93095 is down."
47706,"2015-05-31 11:28:40","Server number 37503 is down."
69270,"2015-04-28 23:00:29","Server number 58326 is down."
7767,"2015-05-24 11:16:35","Server number 51920 is down."
4791,"2015-07-08 10:57:23","Server number 54529 is down."
15620,"2015-05-13 02:34:16","Server number 52551 is down."
5774,"2015-04-18 09:14:57","Server number 77414 is down."
74502,"2015-05-22 18:53:13","Server number 41915 is down."
18245,"2015-04-17 16:56:49","Server number 11646 is down."
3847,"2015-06-20 01:05:07","Server number 91283 is down."
58193,"2015-07-11 06:46:45","Server number 44671 is down."
35505,"2015-05-15 13:41:23","Server number 99357 is down."
20175,"2015-06-22 08:15:36","Server number 21080 is down."
93975,"2015-06-22 06:20:54","Server number 71571 is down."
96049,"2015-06-09 14:21:35","Server number 34308 is down."
97548,"2015-05-20 20:58:36","Server number 12474 is down."
57922,"2015-06-19 20:03:33","Server number 32378 is down."
9183,"2015-05-23 10:02:51","Server number 41917 is down."
43692,"2015-06-23 03:24:59","Server number 76279 is down."
16879,"2015-07-10 14:28:52","Server number 93018 is down."
87488,"2015-05-25 02:40:01","Server number 67448 is down."
98937,"2015-04-05 14:06:57","Server number 25860 is down."
92908,"2015-04-10 15:11:56","Server number 56715 is down."
59990,"2015-07-06 12:22:30","Server number 75590 is down."
5985,"2015-04-24 22:54:23","Server number 98228 is down."
66689,"2015-06-29 09:10:58","Server number 59919 is down."
28126,"2015-06-15 01:29:05","Server number 14825 is down."
32773,"2015-07-06 04:16:04","Server number 6783 is down."
83254,"2015-04-29 07:45:17","Server number 85492 is down."
32896,"2015-06-14 19:18:47","Server number 86468 is down."
13235,"2015-06-29 21:17:31","Server number 22653 is down."
44464,"2015-04-27 12:00:15","Server number 13161 is down."
13105,"2015-06-01 15:09:01","Server number 70438 is down."
83356,"2015-05-24 18:50:02","Server number 78273 is down."
37017,"2015-04-25 03:43:16","Server number 39233 is down."
16655,"2015-05-09 08:57:23","Server number 9573 is down."
42656,"2015-05-16 19:03:31","Server number 57412 is down."
41127,"2015-07-07 18:22:53","Server number 19846 is down."
31388,"2015-05-21 18:42:08","Server number 2799 is down."
77949,"2015-06-21 20:57:58","Server number 52280 is down."
47355,"2015-05-14 19:10:39","Server number 86779 is down."
60113,"2015-05-17 00:04:10","Server number 84721 is down."
42678,"2015-04-26 23:47:10","Server number 31366 is down."
49515,"2015-05-04 01:52:30","Server number 23999 is down."
20469,"2015-05-02 05:59:31","Server number 84372 is down."
37887,"2015-05-08 17:33:37","Server number 67434 is down."
87983,"2015-06-14 21:21:54","Server number 39466 is down."
70185,"2015-05-03 00:39:21","Server number 13691 is down."
3242,"2015-04-07 15:54:03","Server number 57781 is down."
91622,"2015-04-07 09:11:58","Server number 15956 is down."
38664,"2015-04-30 05:40:50","Server number 88476 is down."
51621,"2015-04-30 10:48:57","Server number 43943 is down."
30680,"2015-04-24 07:17:38","Server number 1133 is down."
27157,"2015-04-30 21:25:25","Server number 15318 is down."
37781,"2015-06-16 22:38:13","Server number 9412 is down."
70893,"2015-06-24 00:07:30","Server number 30248 is down."
24985,"2015-04-28 05:47:02","Server number 32323 is down."
36504,"2015-06-21 23:20:18","Server number 65420 is down."
6130,"2015-07-01 11:55:27","Server number 15552 is down."
61905,"2015-04-06 08:27:19","Server number 82601 is down."
63533,"2015-04-12 02:36:42","Server number 3591 is down."
86243,"2015-05-26 17:52:25","Server number 53936 is down."
51592,"2015-07-01 02:05:06","Server number 41408 is down."
89368,"2015-06-14 13:33:51","Server number 32058 is down."
27169,"2015-06-23 14:16:38","Server number 13628 is down."
92614,"2015-04-23 00:13:38","Server number 1777 is down."
93353,"2015-06-14 11:14:31","Server number 26266 is down."
52406,"2015-06-19 15:36:26","Server number 60251 is down."
88598,"2015-06-15 13:09:04","Server number 62747 is down."
44607,"2015-04-24 18:15:05","Server number 38873 is down."
57000,"2015-04-17 16:29:12","Server number 73309 is down."
27677,"2015-04-14 12:06:56","Server number 41872 is down."
27087,"2015-05-14 03:19:04","Server number 30227 is down."
63117,"2015-04-15 00:13:41","Server number 64910 is down."
51117,"2015-04-20 20:29:44","Server number 37641 is down."
67399,"2015-05-05 14:33:58","Server number 2729 is down."
58898,"2015-06-26 09:39:26","Server number 40025 is down."
2881,"2015-04-13 18:17:41","Server number 23085 is down."
12881,"2015-05-08 13:26:17","Server number 59081 is down."
76070,"2015-04-15 11:19:07","Server number 29599 is down."
22192,"2015-04-15 15:39:48","Server number 80760 is down."
43599,"2015-05-22 02:00:01","Server number 81919 is down."
89176,"2015-06-29 14:34:04","Server number 67329 is down."
14856,"2015-05-11 10:33:46","Server number 30216 is down."
11739,"2015-05-03 18:20:22","Server number 68425 is down."
15063,"2015-04-14 21:29:30","Server number 61317 is down."
33134,"2015-05-04 14:55:16","Server number 98982 is down."
7006,"2015-04-03 19:09:40","Server number 13705 is down."
20641,"2015-05-02 17:08:41","Server number 49213 is down."
64662,"2015-06-24 08:18:13","Server number 39023 is down."
1766,"2015-06-10 07:21:34","Server number 10172 is down."
81313,"2015-04-10 11:39:57","Server number 65327 is down."
11811,"2015-06-06 04:47:34","Server number 78326 is down."
1394,"2015-06-16 21:50:05","Server number 64595 is down."
73542,"2015-05-25 11:13:20","Server number 72640 is down."
95672,"2015-05-08 15:35:04","Server number 30374 is down."
29401,"2015-04-06 09:11:22","Server number 9719 is down."
50152,"2015-06-24 00:24:05","Server number 69598 is down."
91087,"2015-07-09 02:25:09","Server number 90616 is down."
19992,"2015-05-13 15:26:51","Server number 68473 is down."
26059,"2015-06-24 12:57:57","Server number 39218 is down."
50644,"2015-05-14 09:40:33","Server number 54040 is down."
47344,"2015-06-08 15:57:32","Server number 1657 is down."
82080,"2015-05-03 03:32:11","Server number 70114 is down."
19008,"2015-04-13 02:22:32","Server number 53778 is down."
65151,"2015-06-30 11:05:02","Server number 50027 is down."
66518,"2015-06-15 20:03:48","Server number 70810 is down."
48971,"2015-06-11 04:18:37","Server number 16128 is down."
50496,"2015-06-29 05:39:45","Server number 30224 is down."
37797,"2015-04-06 22:03:00","Server number 71870 is down."
59632,"2015-04-05 20:07:44","Server number 66846 is down."
19885,"2015-06-01 04:43:34","Server number 45004 is down."
68421,"2015-05-20 11:10:18","Server number 86491 is down."
90403,"2015-05-08 04:29:48","Server number 15101 is down."
71798,"2015-05-23 22:58:43","Server number 84674 is down."
5677,"2015-06-08 20:32:28","Server number 88707 is down."
19647,"2015-05-07 08:05:02","Server number 30228 is down."
64351,"2015-06-18 20:01:01","Server number 80694 is down."
22624,"2015-05-23 09:52:04","Server number 28918 is down."
29571,"2015-05-10 10:54:03","Server number 14056 is down."
54881,"2015-04-23 14:24:20","Server number 6718 is down."
64893,"2015-04-07 05:45:08","Server number 5649 is down."
32393,"2015-04-26 17:08:14","Server number 11504 is down."
22114,"2015-05-17 13:10:30","Server number 65589 is down."
9361,"2015-06-05 19:40:12","Server number 71064 is down."
96858,"2015-04-05 21:14:44","Server number 32037 is down."
55605,"2015-06-04 22:32:21","Server number 48177 is down."
77030,"2015-04-25 22:41:20","Server number 85624 is down."
86634,"2015-04-07 09:06:02","Server number 83997 is down."
79981,"2015-07-03 17:00:35","Server number 19014 is down."
34950,"2015-07-08 04:30:16","Server number 52337 is down."
48337,"2015-06-06 06:57:01","Server number 38051 is down."
80468,"2015-04-05 16:28:15","Server number 24855 is down."
27768,"2015-06-01 10:46:36","Server number 15091 is down."
9280,"2015-04-11 09:14:02","Server number 81047 is down."
47582,"2015-06-16 00:57:49","Server number 47838 is down."
38523,"2015-04-25 15:06:56","Server number 39515 is down."
88389,"2015-06-19 13:23:10","Server number 35881 is down."
29564,"2015-04-14 19:40:57","Server number 15699 is down."
82509,"2015-05-30 13:08:23","Server number 59680 is down."
48758,"2015-06-28 09:07:53","Server number 14671 is down."
43397,"2015-04-22 17:33:52","Server number 69133 is down."
62012,"2015-07-08 18:47:28","Server number 27477 is down."
10433,"2015-06-24 21:06:44","Server number 15929 is down."
7515,"2015-04-15 11:09:00","Server number 56884 is down."
30349,"2015-05-08 12:08:38","Server number 83325 is down."
69679,"2015-06-12 06:01:42","Server number 68451 is down."
39484,"2015-06-24 19:02:44","Server number 68588 is down."
26910,"2015-04-05 21:15:01","Server number 66443 is down."
49619,"2015-04-07 04:36:52","Server number 66897 is down."
46465,"2015-06-15 22:29:13","Server number 51122 is down."
75582,"2015-05-26 04:25:47","Server number 19842 is down."
54561,"2015-07-07 06:35:36","Server number 51211 is down."
59535,"2015-04-29 09:32:48","Server number 49045 is down."
99852,"2015-04-06 11:07:54","Server number 82184 is down."
71772,"2015-05-26 06:35:50","Server number 50780 is down."
92940,"2015-04-22 07:28:40","Server number 17842 is down."
17886,"2015-06-17 02:30:08","Server number 54710 is down."
7837,"2015-05-07 17:32:50","Server number 24819 is down."
12347,"2015-07-09 07:08:58","Server number 27190 is down."
18033,"2015-07-07 15:09:42","Server number 36140 is down."
80058,"2015-05-30 04:35:41","Server number 25262 is down."
50797,"2015-05-07 08:44:39","Server number 10015 is down."
37320,"2015-07-08 12:08:58","Server number 54883 is down."
42126,"2015-06-30 12:27:34","Server number 43388 is down."
46703,"2015-06-24 18:45:44","Server number 57515 is down."
79740,"2015-05-28 23:29:35","Server number 10346 is down."
92197,"2015-06-09 08:27:45","Server number 46509 is down."
230,"2015-06-02 00:53:00","Server number 63849 is down."
30379,"2015-06-03 04:50:03","Server number 81956 is down."
30057,"2015-06-16 18:58:33","Server number 85010 is down."
34617,"2015-06-14 16:35:14","Server number 51454 is down."
67164,"2015-06-19 19:45:49","Server number 63267 is down."
15495,"2015-05-31 19:41:46","Server number 33393 is down."
35297,"2015-04-30 13:06:10","Server number 86968 is down."
85989,"2015-04-20 06:09:53","Server number 91058 is down."
68649,"2015-05-10 22:59:20","Server number 62754 is down."
70132,"2015-06-10 16:28:01","Server number 7765 is down."
51346,"2015-04-15 12:00:38","Server number 33877 is down."
29057,"2015-04-29 05:43:53","Server number 53318 is down."
57886,"2015-04-09 08:09:03","Server number 67920 is down."
11044,"2015-04-17 03:44:01","Server number 21424 is down."
61931,"2015-05-06 08:34:58","Server number 56865 is down."
56216,"2015-05-21 05:14:55","Server number 26841 is down."
31636,"2015-05-19 20:48:07","Server number 38186 is down."
32453,"2015-06-29 05:54:47","Server number 18288 is down."
50653,"2015-04-04 23:55:36","Server number 55319 is down."
67538,"2015-07-09 06:51:22","Server number 78638 is down."
60700,"2015-06-24 18:58:02","Server number 56158 is down."
14428,"2015-05-07 17:45:01","Server number 72035 is down."
83658,"2015-07-08 02:08:00","Server number 34279 is down."
43864,"2015-05-30 03:47:45","Server number 22826 is down."
62649,"2015-05-13 13:28:32","Server number 9054 is down."
65671,"2015-06-24 11:24:25","Server number 1429 is down."
3301,"2015-04-17 21:09:40","Server number 40852 is down."
44238,"2015-05-01 04:44:49","Server number 62678 is down."
96538,"2015-05-03 22:52:38","Server number 38988 is down."
38089,"2015-07-10 21:39:50","Server number 57784 is down."
22815,"2015-05-21 11:07:43","Server number 47387 is down."
22500,"2015-05-19 13:47:30","Server number 87502 is down."
96161,"2015-04-10 07:27:11","Server number 67424 is down."
44926,"2015-04-05 05:00:05","Server number 44431 is down."
35674,"2015-04-22 11:52:13","Server number 46940 is down."
58412,"2015-05-27 07:11:36","Server number 24389 is down."
2918,"2015-06-13 00:21:49","Server number 64218 is down."
19702,"2015-05-11 00:33:41","Server number 84947 is down."
38764,"2015-05-26 22:16:25","Server number 14043 is down."
72364,"2015-06-08 20:31:49","Server number 75012 is down."
34968,"2015-04-23 07:20:45","Server number 69817 is down."
418,"2015-06-09 07:40:50","Server number 37853 is down."
90216,"2015-07-02 22:21:39","Server number 76969 is down."
83924,"2015-05-27 02:26:50","Server number 58503 is down."
89274,"2015-06-05 23:20:53","Server number 59306 is down."
88343,"2015-06-18 07:19:46","Server number 80818 is down."
80245,"2015-06-08 12:17:52","Server number 43883 is down."
30949,"2015-07-10 02:37:04","Server number 45849 is down."
21900,"2015-05-30 10:32:46","Server number 18875 is down."
98891,"2015-05-10 15:32:28","Server number 7328 is down."
12596,"2015-04-27 20:54:55","Server number 29275 is down."
42968,"2015-05-31 12:26:57","Server number 19470 is down."
76933,"2015-06-30 03:23:06","Server number 65887 is down."
92035,"2015-04-14 00:21:36","Server number 87701 is down."
10699,"2015-05-29 12:59:48","Server number 35580 is down."
42009,"2015-04-22 22:24:49","Server number 82138 is down."
89740,"2015-04-19 21:26:10","Server number 76634 is down."
60317,"2015-05-14 18:09:15","Server number 78760 is down."
83475,"2015-07-03 04:34:08","Server number 91798 is down."
70792,"2015-05-16 03:10:40","Server number 19244 is down."
4841,"2015-05-26 22:01:35","Server number 44108 is down."
3033,"2015-05-27 17:45:20","Server number 28095 is down."
32459,"2015-04-06 20:34:52","Server number 52921 is down."
18751,"2015-05-26 18:49:53","Server number 71618 is down."
75538,"2015-06-22 06:54:20","Server number 90659 is down."
36447,"2015-07-04 16:02:56","Server number 88329 is down."
87484,"2015-06-03 20:08:32","Server number 61247 is down."
69763,"2015-07-08 21:28:23","Server number 6686 is down."
54960,"2015-04-22 06:36:49","Server number 48140 is down."
91160,"2015-05-14 15:52:45","Server number 6087 is down."
88190,"2015-05-07 06:41:14","Server number 45581 is down."
21844,"2015-04-22 19:39:51","Server number 61012 is down."
7682,"2015-05-02 14:04:04","Server number 80562 is down."
41630,"2015-05-29 11:16:07","Server number 27932 is down."
18484,"2015-05-01 15:11:57","Server number 43860 is down."
71000,"2015-05-10 11:16:14","Server number 88996 is down."
94398,"2015-05-10 17:42:49","Server number 9603 is down."
65004,"2015-07-11 00:44:10","Server number 37612 is down."
29854,"2015-04-20 09:14:49","Server number 77344 is down."
63654,"2015-05-26 21:20:04","Server number 36649 is down."
39652,"2015-05-14 03:59:37","Server number 29337 is down."
94272,"2015-05-11 09:38:44","Server number 34629 is down."
23316,"2015-06-12 16:08:57","Server number 42303 is down."
54623,"2015-06-09 05:49:47","Server number 49001 is down."
31450,"2015-05-19 00:31:02","Server number 74261 is down."
31992,"2015-07-02 00:44:43","Server number 61324 is down."
80737,"2015-04-20 10:06:55","Server number 71621 is down."
72050,"2015-05-28 06:22:03","Server number 22673 is down."
96789,"2015-05-22 22:18:33","Server number 82599 is down."
19614,"2015-06-03 02:07:49","Server number 92955 is down."
87754,"2015-06-24 06:13:05","Server number 94527 is down."
21541,"2015-06-19 18:24:13","Server number 12670 is down."
37646,"2015-07-10 12:56:07","Server number 35349 is down."
70917,"2015-04-21 12:59:39","Server number 4872 is down."
65024,"2015-07-07 07:10:26","Server number 39806 is down."
61111,"2015-04-27 12:54:46","Server number 71013 is down."
55932,"2015-05-13 15:10:32","Server number 75491 is down."
71501,"2015-05-05 07:21:11","Server number 25288 is down."
41583,"2015-05-17 18:45:33","Server number 22436 is down."
78966,"2015-05-13 04:02:55","Server number 62393 is down."
84721,"2015-05-12 05:06:23","Server number 19752 is down."
66657,"2015-04-15 20:32:48","Server number 79347 is down."
76762,"2015-06-01 08:17:57","Server number 35117 is down."
98233,"2015-04-08 10:11:27","Server number 29555 is down."
50418,"2015-07-01 15:10:33","Server number 49579 is down."
75326,"2015-05-10 04:24:19","Server number 67394 is down."
30920,"2015-05-29 02:12:35","Server number 4390 is down."
40405,"2015-04-07 13:45:01","Server number 49937 is down."
81075,"2015-06-30 17:14:55","Server number 90804 is down."
64162,"2015-06-17 16:37:01","Server number 6193 is down."
69564,"2015-05-19 22:18:43","Server number 93272 is down."
55150,"2015-06-07 05:33:18","Server number 6954 is down."
98731,"2015-05-11 09:06:02","Server number 80265 is down."
95288,"2015-05-11 07:55:41","Server number 65480 is down."
5843,"2015-05-12 03:04:18","Server number 93691 is down."
36040,"2015-05-06 15:36:40","Server number 88158 is down."
90150,"2015-04-11 11:23:43","Server number 83748 is down."
23386,"2015-04-04 23:38:38","Server number 18851 is down."
51293,"2015-07-08 00:14:26","Server number 79106 is down."
14792,"2015-06-17 21:09:13","Server number 54525 is down."
8933,"2015-05-10 16:32:57","Server number 83304 is down."
87190,"2015-04-11 07:19:18","Server number 52406 is down."
67279,"2015-05-27 07:28:19","Server number 50207 is down."
62621,"2015-07-07 07:44:12","Server number 88591 is down."
44080,"2015-04-27 07:19:21","Server number 97765 is down."
40130,"2015-05-28 00:17:38","Server number 22836 is down."
82939,"2015-06-18 03:14:40","Server number 48078 is down."
90355,"2015-04-06 05:47:37","Server number 54761 is down."
97274,"2015-07-08 21:11:43","Server number 65805 is down."
2420,"2015-06-11 19:32:27","Server number 45901 is down."
2541,"2015-05-17 21:05:50","Server number 99922 is down."
63342,"2015-04-22 08:42:46","Server number 5402 is down."
87998,"2015-04-14 00:36:32","Server number 51203 is down."
69836,"2015-05-13 01:03:40","Server number 77471 is down."
37327,"2015-06-12 23:23:18","Server number 74159 is down."
46203,"2015-06-22 15:36:11","Server number 53590 is down."
35977,"2015-04-25 16:05:57","Server number 22572 is down."
24144,"2015-04-19 12:27:21","Server number 37019 is down."
14132,"2015-04-28 01:01:27","Server number 36558 is down."
296,"2015-06-16 06:27:39","Server number 66999 is down."
48025,"2015-05-10 21:17:15","Server number 76009 is down."
25587,"2015-06-11 12:56:07","Server number 96236 is down."
52691,"2015-05-16 21:56:36","Server number 14404 is down."
58711,"2015-06-02 06:39:12","Server number 68639 is down."
68949,"2015-04-27 12:48:48","Server number 10923 is down."
53064,"2015-05-02 03:42:46","Server number 40116 is down."
48244,"2015-04-06 12:59:52","Server number 67223 is down."
73190,"2015-07-05 23:23:14","Server number 24326 is down."
17515,"2015-06-10 19:23:03","Server number 75301 is down."
47601,"2015-05-21 02:03:30","Server number 21121 is down."
26898,"2015-07-07 20:41:44","Server number 29639 is down."
44554,"2015-04-09 00:48:21","Server number 46286 is down."
1734,"2015-06-23 06:39:28","Server number 28421 is down."
78371,"2015-04-24 20:52:54","Server number 36015 is down."
96706,"2015-04-09 11:11:55","Server number 53601 is down."
9686,"2015-04-12 14:01:51","Server number 60352 is down."
64258,"2015-05-28 19:03:04","Server number 5328 is down."
56457,"2015-05-11 20:01:33","Server number 81707 is down."
64524,"2015-05-13 06:47:34","Server number 72535 is down."
54049,"2015-06-23 05:26:41","Server number 49738 is down."
62342,"2015-06-22 18:29:12","Server number 16880 is down."
61889,"2015-05-06 14:57:54","Server number 28647 is down."
90819,"2015-07-09 08:16:26","Server number 65783 is down."
4043,"2015-07-06 10:02:35","Server number 48324 is down."
73987,"2015-06-27 17:40:53","Server number 25185 is down."
94068,"2015-07-04 10:11:46","Server number 20558 is down."
86998,"2015-04-28 16:58:08","Server number 8817 is down."
35622,"2015-05-20 03:54:47","Server number 21148 is down."
5350,"2015-04-21 02:41:11","Server number 54239 is down."
55495,"2015-06-12 02:42:28","Server number 77455 is down."
31891,"2015-07-10 16:52:24","Server number 23001 is down."
299,"2015-04-08 13:37:55","Server number 1409 is down."
25989,"2015-06-07 13:14:38","Server number 93990 is down."
54231,"2015-04-21 00:24:04","Server number 88093 is down."
49433,"2015-06-17 05:21:02","Server number 48183 is down."
72882,"2015-04-28 14:58:35","Server number 71958 is down."
29409,"2015-04-13 09:38:50","Server number 3728 is down."
82435,"2015-04-27 09:57:28","Server number 91799 is down."
1003,"2015-07-08 08:32:45","Server number 15274 is down."
45585,"2015-05-18 06:58:12","Server number 46829 is down."
31767,"2015-04-13 10:31:13","Server number 19288 is down."
30376,"2015-05-27 02:42:04","Server number 5430 is down."
98668,"2015-06-06 23:57:45","Server number 51146 is down."
20288,"2015-05-11 21:51:38","Server number 23546 is down."
76483,"2015-06-27 13:24:23","Server number 3078 is down."
55527,"2015-05-24 22:53:39","Server number 66377 is down."
20739,"2015-07-04 05:00:38","Server number 27567 is down."
67681,"2015-07-11 14:41:55","Server number 54926 is down."
5818,"2015-05-25 23:57:10","Server number 60220 is down."
73046,"2015-04-05 15:04:51","Server number 51830 is down."
31109,"2015-07-05 20:13:15","Server number 69569 is down."
61516,"2015-05-10 10:22:15","Server number 86457 is down."
48365,"2015-05-02 23:07:03","Server number 52558 is down."
94998,"2015-04-05 01:05:49","Server number 26463 is down."
56575,"2015-07-01 04:36:23","Server number 44789 is down."
98558,"2015-04-28 22:30:45","Server number 16475 is down."
2124,"2015-07-05 14:48:53","Server number 39249 is down."
31698,"2015-05-17 07:29:03","Server number 45655 is down."
38655,"2015-06-22 11:52:43","Server number 52140 is down."
71042,"2015-06-27 02:04:40","Server number 45980 is down."
15241,"2015-07-06 06:25:11","Server number 64889 is down."
56369,"2015-06-29 07:00:12","Server number 60739 is down."
96324,"2015-04-07 08:31:06","Server number 95238 is down."
24401,"2015-05-25 05:10:33","Server number 83488 is down."
69964,"2015-06-22 05:41:11","Server number 45679 is down."
37347,"2015-04-09 04:21:30","Server number 1838 is down."
6005,"2015-04-28 19:59:12","Server number 8449 is down."
30848,"2015-07-10 23:46:58","Server number 30974 is down."
81733,"2015-06-04 04:57:29","Server number 1953 is down."
79964,"2015-06-24 16:26:28","Server number 72319 is down."
2816,"2015-05-13 15:11:42","Server number 38131 is down."
9754,"2015-06-29 12:32:10","Server number 41706 is down."
36961,"2015-04-06 01:02:23","Server number 68553 is down."
29415,"2015-07-06 04:37:16","Server number 52409 is down."
79130,"2015-06-24 03:42:45","Server number 33210 is down."
9464,"2015-06-01 08:25:39","Server number 85266 is down."
89150,"2015-07-11 14:27:25","Server number 83602 is down."
56192,"2015-07-04 22:33:08","Server number 71485 is down."
77363,"2015-05-08 17:49:28","Server number 60707 is down."
38095,"2015-07-04 00:30:05","Server number 85678 is down."
26534,"2015-05-25 10:08:35","Server number 64110 is down."
80069,"2015-04-09 04:36:41","Server number 82137 is down."
20089,"2015-05-03 01:53:49","Server number 13550 is down."
46565,"2015-07-04 07:10:09","Server number 83257 is down."
48755,"2015-05-31 22:54:18","Server number 99590 is down."
68502,"2015-05-14 20:00:18","Server number 52112 is down."
64088,"2015-05-20 18:39:47","Server number 31652 is down."
55461,"2015-07-05 15:23:42","Server number 85461 is down."
62216,"2015-04-12 11:27:24","Server number 6124 is down."
60625,"2015-05-01 01:13:36","Server number 67414 is down."
37930,"2015-05-21 11:22:11","Server number 12474 is down."
27676,"2015-05-21 10:00:58","Server number 30014 is down."
84574,"2015-04-11 23:03:23","Server number 80446 is down."
63938,"2015-05-11 19:55:47","Server number 27954 is down."
82350,"2015-04-24 08:19:34","Server number 37519 is down."
95115,"2015-06-01 05:39:30","Server number 99549 is down."
9542,"2015-07-03 02:34:39","Server number 66410 is down."
22199,"2015-07-09 23:50:20","Server number 75017 is down."
6508,"2015-04-26 03:15:24","Server number 6177 is down."
87932,"2015-06-10 04:17:01","Server number 36503 is down."
3226,"2015-04-10 10:44:51","Server number 76484 is down."
29282,"2015-05-12 18:35:26","Server number 74692 is down."
21935,"2015-04-06 01:43:39","Server number 90475 is down."
23138,"2015-06-14 08:41:53","Server number 26205 is down."
70779,"2015-06-22 16:11:43","Server number 94276 is down."
29430,"2015-06-19 01:40:23","Server number 33550 is down."
14040,"2015-06-25 05:25:11","Server number 85990 is down."
2768,"2015-04-10 15:55:55","Server number 98792 is down."
54932,"2015-07-07 22:34:37","Server number 3969 is down."
53669,"2015-05-29 16:31:36","Server number 15815 is down."
15770,"2015-04-03 09:35:59","Server number 6240 is down."
57127,"2015-04-12 10:59:20","Server number 55973 is down."
29723,"2015-06-11 09:46:29","Server number 90991 is down."
72865,"2015-06-29 00:50:26","Server number 55962 is down."
5555,"2015-06-18 10:12:48","Server number 13272 is down."
22266,"2015-06-28 18:03:27","Server number 62452 is down."
73485,"2015-04-13 07:44:50","Server number 1816 is down."
60200,"2015-04-23 03:46:51","Server number 85898 is down."
74036,"2015-05-15 04:48:49","Server number 32326 is down."
88888,"2015-06-18 08:18:21","Server number 46823 is down."
63938,"2015-04-28 00:36:57","Server number 46018 is down."
19934,"2015-05-27 23:56:07","Server number 78770 is down."
39607,"2015-07-10 02:06:41","Server number 43622 is down."
41425,"2015-05-06 08:55:37","Server number 4953 is down."
40732,"2015-05-26 09:32:43","Server number 76358 is down."
63743,"2015-06-15 17:18:58","Server number 98590 is down."
99811,"2015-04-24 08:21:44","Server number 72868 is down."
34666,"2015-06-20 15:32:48","Server number 26511 is down."
11722,"2015-05-15 09:35:38","Server number 74600 is down."
63138,"2015-05-31 11:54:46","Server number 60957 is down."
62030,"2015-05-09 23:51:26","Server number 38563 is down."
72253,"2015-04-07 22:30:11","Server number 23402 is down."
86139,"2015-06-16 10:29:30","Server number 12223 is down."
55045,"2015-05-09 04:32:20","Server number 4946 is down."
10455,"2015-06-11 01:14:53","Server number 14996 is down."
17842,"2015-06-12 07:05:37","Server number 89080 is down."
13831,"2015-04-07 01:15:55","Server number 93707 is down."
27906,"2015-05-16 22:17:48","Server number 47435 is down."
50398,"2015-05-16 10:33:38","Server number 70766 is down."
19908,"2015-06-17 19:27:43","Server number 65002 is down."
70979,"2015-04-13 07:27:36","Server number 18083 is down."
19934,"2015-04-16 06:30:32","Server number 62812 is down."
45070,"2015-06-01 14:31:00","Server number 68997 is down."
78471,"2015-04-25 07:45:35","Server number 29852 is down."
6057,"2015-04-10 16:09:12","Server number 15415 is down."
36671,"2015-07-07 16:04:15","Server number 60314 is down."
832,"2015-05-26 17:01:50","Server number 15001 is down."
75109,"2015-05-30 04:30:04","Server number 66564 is down."
41392,"2015-04-29 03:03:56","Server number 9652 is down."
91739,"2015-06-23 06:35:46","Server number 28701 is down."
76380,"2015-06-14 05:43:58","Server number 90120 is down."
24392,"2015-06-21 03:54:05","Server number 11736 is down."
48483,"2015-05-01 18:18:58","Server number 23700 is down."
85132,"2015-04-28 13:25:18","Server number 36104 is down."
37040,"2015-05-09 16:05:53","Server number 30668 is down."
91431,"2015-04-10 09:23:30","Server number 89275 is down."
58922,"2015-05-25 00:26:32","Server number 17275 is down."
66805,"2015-05-02 01:04:32","Server number 35257 is down."
12076,"2015-06-12 21:09:28","Server number 67546 is down."
37063,"2015-04-26 18:20:30","Server number 17368 is down."
58737,"2015-06-12 02:27:16","Server number 73443 is down."
98612,"2015-06-18 21:20:15","Server number 96301 is down."
66142,"2015-05-16 08:59:56","Server number 1199 is down."
62530,"2015-06-25 09:12:00","Server number 1092 is down."
82520,"2015-04-30 21:20:58","Server number 35812 is down."
47355,"2015-06-27 00:08:13","Server number 94357 is down."
12747,"2015-05-27 02:49:02","Server number 25741 is down."
8101,"2015-05-29 05:54:14","Server number 82317 is down."
31407,"2015-06-03 17:13:08","Server number 62852 is down."
91853,"2015-05-04 15:48:32","Server number 84865 is down."
1199,"2015-06-14 23:23:28","Server number 45923 is down."
52438,"2015-04-05 00:49:41","Server number 87040 is down."
24632,"2015-05-15 09:38:00","Server number 75566 is down."
58716,"2015-07-03 12:29:40","Server number 30580 is down."
92894,"2015-04-20 04:07:27","Server number 97868 is down."
94748,"2015-04-15 14:00:25","Server number 34188 is down."
70616,"2015-04-03 14:43:41","Server number 7972 is down."
77864,"2015-05-31 01:22:50","Server number 68231 is down."
50812,"2015-05-01 19:52:53","Server number 90833 is down."
4995,"2015-06-16 20:47:38","Server number 29644 is down."
61663,"2015-06-04 12:37:45","Server number 33983 is down."
91215,"2015-04-13 03:31:38","Server number 13659 is down."
97624,"2015-05-17 21:40:48","Server number 87244 is down."
80587,"2015-04-04 14:15:28","Server number 77089 is down."
33819,"2015-04-05 12:49:24","Server number 76379 is down."
80690,"2015-06-13 10:36:48","Server number 28999 is down."
9222,"2015-06-28 13:22:32","Server number 81966 is down."
57246,"2015-04-14 05:10:03","Server number 13043 is down."
24703,"2015-05-24 08:10:37","Server number 17812 is down."
88029,"2015-04-12 18:08:52","Server number 68742 is down."
83311,"2015-05-07 15:39:48","Server number 23557 is down."
69875,"2015-06-03 03:19:54","Server number 85583 is down."
32333,"2015-06-08 10:57:52","Server number 97704 is down."
45416,"2015-05-18 04:30:05","Server number 52829 is down."
2789,"2015-06-01 04:37:09","Server number 32213 is down."
3038,"2015-06-15 10:03:44","Server number 85628 is down."
75679,"2015-05-27 10:02:08","Server number 26322 is down."
91144,"2015-06-03 14:45:45","Server number 30411 is down."
32804,"2015-06-07 06:53:34","Server number 71551 is down."
53975,"2015-04-09 02:50:07","Server number 60190 is down."
31078,"2015-04-28 07:22:39","Server number 48307 is down."
95857,"2015-04-17 00:03:13","Server number 87454 is down."
12432,"2015-04-13 23:14:08","Server number 61336 is down."
26572,"2015-04-06 18:03:31","Server number 8084 is down."
59342,"2015-06-04 08:16:27","Server number 74491 is down."
9286,"2015-06-27 11:43:03","Server number 7141 is down."
77717,"2015-06-21 14:29:40","Server number 60605 is down."
31403,"2015-05-29 04:03:14","Server number 43796 is down."
8839,"2015-07-03 12:58:38","Server number 12957 is down."
70484,"2015-07-11 23:28:38","Server number 21523 is down."
56753,"2015-04-26 02:37:59","Server number 14452 is down."
15786,"2015-06-03 17:52:03","Server number 75150 is down."
32422,"2015-05-10 06:15:58","Server number 97384 is down."
47509,"2015-05-30 00:47:50","Server number 88860 is down."
19015,"2015-05-18 07:31:37","Server number 46666 is down."
64858,"2015-04-06 02:04:35","Server number 33174 is down."
7024,"2015-04-29 05:41:31","Server number 7192 is down."
4693,"2015-05-10 09:00:36","Server number 3882 is down."
13043,"2015-07-04 05:50:53","Server number 28153 is down."
61795,"2015-07-04 07:26:23","Server number 9147 is down."
60246,"2015-04-24 12:21:16","Server number 60935 is down."
73506,"2015-05-09 11:15:27","Server number 40344 is down."
52851,"2015-04-29 09:57:00","Server number 64601 is down."
40903,"2015-04-18 11:51:02","Server number 22409 is down."
72786,"2015-04-04 16:10:57","Server number 23372 is down."
16429,"2015-06-07 08:50:27","Server number 34696 is down."
23464,"2015-05-13 05:20:44","Server number 47411 is down."
68987,"2015-05-11 14:40:13","Server number 85489 is down."
62433,"2015-05-11 04:42:25","Server number 25871 is down."
61398,"2015-04-06 03:01:02","Server number 30428 is down."
17486,"2015-05-21 14:33:19","Server number 70490 is down."
45679,"2015-06-09 04:06:45","Server number 77300 is down."
95204,"2015-06-11 08:32:17","Server number 43864 is down."
19368,"2015-04-11 18:59:40","Server number 28280 is down."
30913,"2015-04-24 13:40:32","Server number 30724 is down."
31266,"2015-07-10 22:51:15","Server number 17187 is down."
57932,"2015-06-01 04:06:16","Server number 67031 is down."
36933,"2015-05-06 14:01:01","Server number 43053 is down."
26564,"2015-06-13 16:24:10","Server number 8749 is down."
45869,"2015-06-13 01:12:44","Server number 26702 is down."
29123,"2015-05-18 16:24:43","Server number 75749 is down."
53215,"2015-07-02 15:25:51","Server number 22593 is down."
37910,"2015-04-25 11:58:19","Server number 72651 is down."
66881,"2015-05-10 02:26:34","Server number 48953 is down."
36239,"2015-05-05 18:55:39","Server number 76705 is down."
58501,"2015-06-24 16:18:04","Server number 48196 is down."
35163,"2015-04-05 02:38:33","Server number 90642 is down."
99478,"2015-05-03 17:52:59","Server number 95035 is down."
60025,"2015-05-14 14:43:57","Server number 5353 is down."
80048,"2015-05-09 08:20:42","Server number 61561 is down."
31815,"2015-05-17 06:41:45","Server number 9397 is down."
63658,"2015-06-04 07:38:14","Server number 3029 is down."
29153,"2015-04-21 11:04:19","Server number 77681 is down."
10899,"2015-06-04 03:13:51","Server number 28270 is down."
4209,"2015-05-25 09:21:17","Server number 45778 is down."
77694,"2015-06-17 00:08:53","Server number 21340 is down."
33707,"2015-06-11 18:10:14","Server number 18660 is down."
65256,"2015-05-21 11:20:34","Server number 16875 is down."
25210,"2015-05-16 07:50:41","Server number 57449 is down."
26009,"2015-04-09 10:11:23","Server number 20318 is down."
16672,"2015-06-07 12:32:52","Server number 72289 is down."
24754,"2015-04-09 08:27:28","Server number 62807 is down."
22819,"2015-06-06 23:40:55","Server number 92158 is down."
17964,"2015-04-12 08:28:29","Server number 91109 is down."
40517,"2015-04-19 18:43:21","Server number 61149 is down."
71876,"2015-04-19 19:26:16","Server number 78581 is down."
10206,"2015-05-10 09:35:08","Server number 15383 is down."
77328,"2015-05-23 03:57:59","Server number 76086 is down."
68557,"2015-05-11 17:13:28","Server number 25164 is down."
15282,"2015-05-23 18:29:30","Server number 82878 is down."
72700,"2015-04-20 19:56:39","Server number 39614 is down."
75448,"2015-05-25 22:51:42","Server number 31564 is down."
3294,"2015-05-24 04:38:24","Server number 46864 is down."
44241,"2015-05-31 14:13:06","Server number 38517 is down."
14906,"2015-05-23 14:54:42","Server number 94082 is down."
34142,"2015-05-11 05:33:10","Server number 9503 is down."
226,"2015-06-22 08:56:26","Server number 92396 is down."
70158,"2015-06-29 21:16:57","Server number 70092 is down."
20067,"2015-05-27 06:27:21","Server number 62201 is down."
55868,"2015-05-09 10:40:50","Server number 93014 is down."
72882,"2015-06-02 15:56:08","Server number 3004 is down."
8855,"2015-04-04 02:03:07","Server number 24470 is down."
58654,"2015-05-19 14:07:01","Server number 31974 is down."
4281,"2015-04-19 09:36:30","Server number 71130 is down."
93703,"2015-06-23 09:32:45","Server number 64995 is down."
57468,"2015-07-11 07:47:30","Server number 47493 is down."
37313,"2015-06-16 03:19:43","Server number 78796 is down."
28962,"2015-05-08 08:31:50","Server number 86379 is down."
84251,"2015-04-29 15:47:15","Server number 9868 is down."
51461,"2015-04-27 04:41:00","Server number 80164 is down."
41621,"2015-06-15 05:49:20","Server number 15857 is down."
59377,"2015-06-04 20:11:45","Server number 75647 is down."
3612,"2015-06-14 08:20:55","Server number 82324 is down."
26930,"2015-06-09 12:28:29","Server number 30879 is down."
23923,"2015-05-01 14:38:13","Server number 4657 is down."
79935,"2015-07-10 10:23:59","Server number 31855 is down."
50552,"2015-04-05 13:58:16","Server number 75038 is down."
51841,"2015-05-19 21:56:22","Server number 61157 is down."
70299,"2015-05-06 12:19:23","Server number 66904 is down."
87299,"2015-04-19 17:32:59","Server number 95009 is down."
25101,"2015-05-22 02:57:37","Server number 51031 is down."
67328,"2015-05-04 06:11:30","Server number 39633 is down."
49774,"2015-05-29 15:26:38","Server number 5797 is down."
82247,"2015-06-13 01:11:10","Server number 44013 is down."
21241,"2015-06-17 06:33:29","Server number 29298 is down."
17457,"2015-04-08 04:01:44","Server number 33615 is down."
86043,"2015-07-02 19:13:47","Server number 77570 is down."
33028,"2015-05-07 23:27:49","Server number 84884 is down."
60356,"2015-04-23 00:19:12","Server number 94353 is down."
88801,"2015-05-13 10:31:56","Server number 34045 is down."
12044,"2015-05-27 23:12:24","Server number 19646 is down."
50443,"2015-06-12 18:48:42","Server number 62419 is down."
70148,"2015-05-20 07:10:35","Server number 8714 is down."
11309,"2015-05-12 04:25:11","Server number 98057 is down."
45982,"2015-06-14 06:29:59","Server number 37624 is down."
80788,"2015-04-17 19:41:18","Server number 30959 is down."
76909,"2015-07-10 21:20:54","Server number 81135 is down."
43938,"2015-06-21 04:55:17","Server number 21526 is down."
77885,"2015-04-24 07:17:53","Server number 66951 is down."
96994,"2015-04-22 09:21:30","Server number 77584 is down."
33937,"2015-06-28 05:11:14","Server number 15142 is down."
58324,"2015-06-20 02:04:25","Server number 5588 is down."
59009,"2015-07-11 10:12:26","Server number 44766 is down."
17483,"2015-07-07 12:59:28","Server number 71311 is down."
2452,"2015-06-12 04:17:17","Server number 64668 is down."
92097,"2015-05-27 08:40:26","Server number 32311 is down."
36001,"2015-06-18 08:03:32","Server number 39442 is down."
57286,"2015-07-10 22:13:24","Server number 50677 is down."
39695,"2015-07-10 09:58:59","Server number 40364 is down."
95063,"2015-05-10 07:25:37","Server number 93558 is down."
32996,"2015-05-08 18:30:59","Server number 39881 is down."
74179,"2015-06-15 05:14:01","Server number 90285 is down."
59280,"2015-05-02 05:17:16","Server number 87044 is down."
65902,"2015-06-19 09:15:06","Server number 98242 is down."
35436,"2015-06-02 09:49:19","Server number 24380 is down."
62390,"2015-04-28 08:26:24","Server number 93874 is down."
26956,"2015-07-11 05:50:37","Server number 17957 is down."
59423,"2015-05-04 02:49:18","Server number 13394 is down."
51194,"2015-07-11 02:22:02","Server number 85981 is down."
16823,"2015-06-04 22:17:05","Server number 78464 is down."
85253,"2015-06-24 23:20:55","Server number 84193 is down."
42290,"2015-05-06 01:11:19","Server number 52023 is down."
21394,"2015-05-06 13:46:49","Server number 61578 is down."
57906,"2015-06-10 18:46:56","Server number 24422 is down."
480,"2015-05-18 15:53:47","Server number 38564 is down."
22155,"2015-05-01 00:20:07","Server number 54048 is down."
53719,"2015-07-07 13:53:21","Server number 68189 is down."
54809,"2015-05-29 17:12:37","Server number 23893 is down."
64837,"2015-04-10 06:21:22","Server number 91533 is down."
42426,"2015-04-16 12:10:30","Server number 92388 is down."
14588,"2015-04-23 17:49:14","Server number 33461 is down."
47450,"2015-06-06 00:38:31","Server number 33422 is down."
99117,"2015-06-02 20:53:47","Server number 46548 is down."
13353,"2015-04-26 06:11:05","Server number 96722 is down."
27867,"2015-06-05 16:48:05","Server number 13154 is down."
48328,"2015-05-22 20:40:38","Server number 53546 is down."
38653,"2015-04-30 10:06:22","Server number 39653 is down."
79576,"2015-04-09 21:46:40","Server number 22783 is down."
97541,"2015-07-04 10:24:15","Server number 87662 is down."
7100,"2015-06-01 20:07:14","Server number 73471 is down."
49961,"2015-05-14 17:11:56","Server number 7743 is down."
83083,"2015-05-09 09:19:47","Server number 20259 is down."
22672,"2015-05-10 21:51:09","Server number 6571 is down."
9559,"2015-05-14 00:32:21","Server number 6500 is down."
4165,"2015-05-07 00:50:48","Server number 48109 is down."
66834,"2015-04-11 06:59:34","Server number 97989 is down."
79141,"2015-06-04 03:28:32","Server number 83622 is down."
57808,"2015-07-02 05:39:18","Server number 54903 is down."
30958,"2015-06-23 05:20:40","Server number 27563 is down."
35474,"2015-07-10 14:11:43","Server number 83967 is down."
84757,"2015-07-05 09:56:24","Server number 2280 is down."
62001,"2015-06-05 11:28:49","Server number 99032 is down."
74000,"2015-04-20 14:01:23","Server number 31452 is down."
15747,"2015-05-19 14:44:03","Server number 76824 is down."
23428,"2015-05-28 16:11:09","Server number 33795 is down."
77851,"2015-06-13 00:18:20","Server number 17297 is down."
23103,"2015-04-18 19:19:49","Server number 33208 is down."
78471,"2015-04-16 14:23:51","Server number 11933 is down."
32502,"2015-05-19 12:41:38","Server number 74552 is down."
62627,"2015-05-13 14:39:36","Server number 10912 is down."
90950,"2015-04-19 03:37:21","Server number 90684 is down."
77716,"2015-04-10 15:11:35","Server number 18064 is down."
71937,"2015-06-15 11:47:27","Server number 25130 is down."
78656,"2015-04-08 03:53:47","Server number 87479 is down."
93009,"2015-05-25 15:06:28","Server number 84808 is down."
52487,"2015-06-20 18:30:03","Server number 65445 is down."
58273,"2015-06-05 11:13:34","Server number 51903 is down."
69167,"2015-04-09 18:15:57","Server number 89610 is down."
92408,"2015-04-09 09:55:10","Server number 14126 is down."
71129,"2015-06-19 21:05:39","Server number 96877 is down."
88808,"2015-06-18 18:45:17","Server number 91735 is down."
52703,"2015-04-21 11:01:41","Server number 58552 is down."
53343,"2015-05-28 14:59:14","Server number 82007 is down."
60545,"2015-05-14 22:12:41","Server number 17941 is down."
56005,"2015-06-30 13:01:13","Server number 7226 is down."
54550,"2015-04-24 06:28:27","Server number 24778 is down."
25607,"2015-06-08 06:30:12","Server number 6931 is down."
82709,"2015-05-16 08:23:57","Server number 82885 is down."
99931,"2015-05-01 07:15:28","Server number 44867 is down."
95328,"2015-06-05 16:19:17","Server number 20436 is down."
50995,"2015-05-19 00:09:35","Server number 50941 is down."
73182,"2015-05-21 23:06:34","Server number 5267 is down."
39200,"2015-06-03 19:59:24","Server number 90156 is down."
31027,"2015-05-23 09:33:09","Server number 64210 is down."
56482,"2015-07-04 14:59:46","Server number 45586 is down."
37258,"2015-04-08 02:58:53","Server number 82602 is down."
46445,"2015-05-31 17:43:34","Server number 22796 is down."
95748,"2015-06-22 11:40:14","Server number 32588 is down."
91187,"2015-07-11 03:44:12","Server number 3651 is down."
6665,"2015-04-30 20:56:21","Server number 23771 is down."
1612,"2015-04-07 08:13:46","Server number 50054 is down."
30835,"2015-04-13 15:31:52","Server number 10910 is down."
12011,"2015-04-04 23:07:34","Server number 39457 is down."
85064,"2015-06-04 22:13:20","Server number 47583 is down."
40089,"2015-06-17 16:56:02","Server number 48851 is down."
59032,"2015-05-18 22:28:46","Server number 24381 is down."
50606,"2015-07-06 04:01:35","Server number 69971 is down."
98946,"2015-04-05 10:13:54","Server number 87496 is down."
98310,"2015-05-10 08:53:16","Server number 86277 is down."
73387,"2015-06-29 20:31:14","Server number 27956 is down."
55336,"2015-04-08 09:50:46","Server number 35733 is down."
15050,"2015-05-28 16:04:00","Server number 5528 is down."
82720,"2015-04-15 06:53:42","Server number 83017 is down."
35788,"2015-04-13 12:24:27","Server number 74840 is down."
90968,"2015-04-11 11:40:16","Server number 42074 is down."
10957,"2015-05-08 06:28:09","Server number 99662 is down."
74787,"2015-04-10 04:17:54","Server number 51195 is down."
44538,"2015-05-12 13:18:04","Server number 65008 is down."
30768,"2015-07-08 20:47:59","Server number 5637 is down."
65477,"2015-06-16 17:39:34","Server number 87286 is down."
37212,"2015-07-03 20:25:43","Server number 48866 is down."
80997,"2015-06-21 18:30:07","Server number 62740 is down."
26800,"2015-05-02 20:23:09","Server number 34951 is down."
14727,"2015-05-22 09:54:32","Server number 84986 is down."
68966,"2015-04-29 06:07:36","Server number 67883 is down."
44452,"2015-04-03 12:06:29","Server number 30556 is down."
16010,"2015-06-01 22:14:41","Server number 72968 is down."
62173,"2015-06-10 09:59:08","Server number 77762 is down."
89865,"2015-06-26 11:35:35","Server number 31763 is down."
31290,"2015-06-21 18:59:13","Server number 52008 is down."
50783,"2015-06-29 11:37:53","Server number 19013 is down."
17605,"2015-06-05 10:39:50","Server number 43735 is down."
10048,"2015-05-30 15:48:26","Server number 82272 is down."
42672,"2015-04-15 15:22:54","Server number 41506 is down."
39933,"2015-06-09 02:37:35","Server number 31166 is down."
15672,"2015-05-28 00:17:53","Server number 48322 is down."
61769,"2015-06-25 17:39:54","Server number 41729 is down."
67055,"2015-04-26 08:09:52","Server number 48451 is down."
32721,"2015-07-05 22:14:10","Server number 46053 is down."
45050,"2015-05-01 17:26:45","Server number 62240 is down."
31880,"2015-07-08 07:05:08","Server number 59502 is down."
83343,"2015-05-26 18:37:24","Server number 24866 is down."
29243,"2015-06-10 14:45:48","Server number 48647 is down."
59038,"2015-07-11 19:32:32","Server number 68412 is down."
63911,"2015-06-02 03:33:36","Server number 14342 is down."
68933,"2015-06-19 11:15:19","Server number 34190 is down."
21732,"2015-06-09 12:47:50","Server number 45732 is down."
39351,"2015-04-05 12:13:31","Server number 46246 is down."
62568,"2015-07-01 19:12:15","Server number 78123 is down."
98897,"2015-06-07 22:13:24","Server number 30326 is down."
31458,"2015-04-08 09:11:01","Server number 32158 is down."
21678,"2015-04-18 11:14:13","Server number 52172 is down."
17055,"2015-06-28 12:02:22","Server number 12283 is down."
87696,"2015-04-17 05:08:01","Server number 72497 is down."
11011,"2015-04-25 12:27:52","Server number 61738 is down."
9599,"2015-05-15 12:28:13","Server number 15188 is down."
91138,"2015-06-14 06:56:46","Server number 39590 is down."
30416,"2015-05-20 00:51:34","Server number 4338 is down."
16494,"2015-07-01 13:47:14","Server number 19007 is down."
24996,"2015-05-25 20:12:07","Server number 28038 is down."
98910,"2015-04-20 08:17:32","Server number 83197 is down."
4272,"2015-06-22 21:41:52","Server number 5767 is down."
21358,"2015-05-22 18:11:21","Server number 53971 is down."
42373,"2015-06-28 02:56:55","Server number 90340 is down."
41042,"2015-06-26 03:15:18","Server number 41355 is down."
5288,"2015-05-13 07:40:07","Server number 47853 is down."
54666,"2015-06-08 23:31:04","Server number 28331 is down."
52858,"2015-05-19 21:00:21","Server number 21229 is down."
66404,"2015-05-20 01:20:54","Server number 15913 is down."
83252,"2015-05-20 08:21:28","Server number 43891 is down."
97655,"2015-04-13 20:50:11","Server number 61053 is down."
54482,"2015-05-13 20:42:14","Server number 33281 is down."
26621,"2015-05-30 15:58:13","Server number 70216 is down."
39217,"2015-04-10 11:12:30","Server number 30453 is down."
83605,"2015-05-22 15:45:56","Server number 46745 is down."
77463,"2015-04-22 01:54:11","Server number 27390 is down."
13489,"2015-05-05 13:17:01","Server number 35280 is down."
59886,"2015-04-15 17:14:50","Server number 88642 is down."
98346,"2015-04-22 09:21:58","Server number 96431 is down."
10389,"2015-04-28 20:10:55","Server number 97200 is down."
18441,"2015-06-06 13:55:55","Server number 10998 is down."
32865,"2015-04-04 22:10:16","Server number 51127 is down."
88000,"2015-06-06 05:59:19","Server number 41674 is down."
83797,"2015-06-09 11:33:30","Server number 82820 is down."
23723,"2015-06-10 01:18:56","Server number 31843 is down."
37934,"2015-04-10 18:48:59","Server number 74348 is down."
50275,"2015-06-22 18:37:22","Server number 49717 is down."
42544,"2015-04-22 06:15:16","Server number 52641 is down."
20745,"2015-06-19 14:43:59","Server number 90044 is down."
16454,"2015-04-10 08:19:39","Server number 70533 is down."
32095,"2015-05-07 07:13:34","Server number 68962 is down."
34221,"2015-07-03 14:14:08","Server number 19804 is down."
99077,"2015-06-20 11:25:37","Server number 72627 is down."
14006,"2015-05-11 12:17:31","Server number 80312 is down."
72387,"2015-05-02 13:59:52","Server number 58096 is down."
68619,"2015-05-20 02:02:36","Server number 73961 is down."
48764,"2015-06-23 00:29:41","Server number 23155 is down."
13476,"2015-06-30 02:59:35","Server number 6256 is down."
22847,"2015-07-06 20:33:24","Server number 18814 is down."
93754,"2015-04-22 12:24:31","Server number 75103 is down."
66761,"2015-06-15 10:47:41","Server number 99264 is down."
41846,"2015-04-05 07:49:10","Server number 47829 is down."
73268,"2015-07-05 04:00:18","Server number 18763 is down."
78110,"2015-04-05 16:30:05","Server number 54065 is down."
59766,"2015-06-10 01:19:37","Server number 49258 is down."
12237,"2015-04-03 23:02:55","Server number 58578 is down."
35347,"2015-06-02 02:22:29","Server number 18549 is down."
77039,"2015-06-28 00:18:26","Server number 66689 is down."
71090,"2015-05-04 13:02:48","Server number 49896 is down."
45539,"2015-05-08 06:04:30","Server number 13256 is down."
71215,"2015-06-11 16:28:33","Server number 89560 is down."
18825,"2015-04-06 00:46:02","Server number 6639 is down."
21156,"2015-04-21 22:15:50","Server number 20931 is down."
35423,"2015-05-03 01:58:42","Server number 3686 is down."
63102,"2015-05-30 22:43:47","Server number 86271 is down."
78054,"2015-05-06 12:07:03","Server number 73225 is down."
10485,"2015-04-10 11:31:21","Server number 17093 is down."
41318,"2015-06-16 00:48:01","Server number 79758 is down."
27042,"2015-05-22 22:38:35","Server number 26825 is down."
22634,"2015-04-17 01:20:59","Server number 20494 is down."
44412,"2015-06-09 21:43:31","Server number 19004 is down."
93983,"2015-06-10 08:49:53","Server number 91098 is down."
21748,"2015-06-11 08:20:52","Server number 97627 is down."
40843,"2015-06-29 19:48:06","Server number 31846 is down."
64569,"2015-07-05 11:38:08","Server number 4022 is down."
15354,"2015-05-20 12:36:09","Server number 90811 is down."
34603,"2015-06-21 06:06:54","Server number 28845 is down."
41002,"2015-05-03 17:23:20","Server number 25647 is down."
93431,"2015-05-10 13:56:04","Server number 6456 is down."
5251,"2015-07-02 13:24:39","Server number 85635 is down."
37116,"2015-05-28 19:06:38","Server number 63347 is down."
64681,"2015-04-03 17:08:07","Server number 6900 is down."
96826,"2015-06-09 17:11:57","Server number 44333 is down."
83281,"2015-07-03 18:21:22","Server number 64322 is down."
92163,"2015-05-08 08:13:46","Server number 79505 is down."
33250,"2015-06-11 12:56:43","Server number 96438 is down."
21450,"2015-05-09 02:22:58","Server number 24353 is down."
94640,"2015-07-01 19:36:04","Server number 54820 is down."
43296,"2015-06-14 06:48:55","Server number 14656 is down."
44974,"2015-06-23 18:17:59","Server number 20299 is down."
55563,"2015-06-03 18:22:57","Server number 50731 is down."
32478,"2015-05-29 10:20:29","Server number 54463 is down."
9834,"2015-06-02 14:10:34","Server number 38724 is down."
62727,"2015-05-23 19:26:39","Server number 30557 is down."
54673,"2015-07-02 13:43:24","Server number 41433 is down."
84281,"2015-06-18 02:27:57","Server number 66900 is down."
91093,"2015-04-15 01:30:47","Server number 61045 is down."
54046,"2015-06-05 00:26:28","Server number 64092 is down."
42719,"2015-05-10 02:16:11","Server number 98244 is down."
77301,"2015-04-22 02:09:01","Server number 65359 is down."
99413,"2015-06-23 13:00:53","Server number 58626 is down."
52677,"2015-05-22 06:42:08","Server number 76370 is down."
54985,"2015-04-19 22:28:50","Server number 85168 is down."
27507,"2015-05-04 18:38:43","Server number 27062 is down."
80299,"2015-04-14 22:36:29","Server number 64974 is down."
71956,"2015-06-26 04:13:51","Server number 92921 is down."
5239,"2015-06-03 06:21:41","Server number 13983 is down."
70857,"2015-06-04 19:48:33","Server number 93589 is down."
49146,"2015-07-01 02:55:15","Server number 97825 is down."
67014,"2015-06-05 23:49:09","Server number 46122 is down."
65233,"2015-05-17 11:46:45","Server number 78929 is down."
8343,"2015-04-21 03:25:19","Server number 89344 is down."
84109,"2015-06-02 00:56:17","Server number 22799 is down."
75387,"2015-05-02 04:16:41","Server number 52977 is down."
47930,"2015-04-18 07:34:43","Server number 81956 is down."
19743,"2015-05-15 00:11:52","Server number 80342 is down."
62269,"2015-06-18 14:23:55","Server number 19479 is down."
92806,"2015-07-07 23:48:20","Server number 1229 is down."
95108,"2015-05-06 23:02:00","Server number 49482 is down."
50860,"2015-07-06 22:19:36","Server number 30122 is down."
54092,"2015-06-20 06:50:14","Server number 21237 is down."
